Unnamed: 0,PLAYER_ID,PLAYER_NAME,TEAM_ABBREVIATION,GP,MIN,PTS,REB,AST,STL,BLK,FG_PCT,FG3_PCT,FT_PCT,SEASON,W,L,W_PCT,PLUS_MINUS
5884,1630598,Aaron Wiggins,ATL,0,0.0,0,0,0,0,0,0.0,0.0,0.0,2026-27,0,0,0.0,0.0
6362,1642948,Ryan Nembhard,ATL,0,0.0,0,0,0,0,0,0.0,0.0,0.0,2026-27,0,0,0.0,0.0
6024,1642269,Devin Carter,ATL,0,0.0,0,0,0,0,0,0.0,0.0,0.0,2026-27,0,0,0.0,0.0
6334,202331,Paul George,BOS,0,0.0,0,0,0,0,0,0.0,0.0,0.0,2026-27,0,0,0.0,0.0
6275,201144,Mike Conley,BOS,0,0.0,0,0,0,0,0,0.0,0.0,0.0,2026-27,0,0,0.0,0.0
6279,1629011,Mitchell Robinson,BOS,0,0.0,0,0,0,0,0,0.0,0.0,0.0,2026-27,0,0,0.0,0.0
6184,203944,Julius Randle,BKN,0,0.0,0,0,0,0,0,0.0,0.0,0.0,2026-27,0,0,0.0,0.0
6295,1629675,Naz Reid,CHA,0,0.0,0,0,0,0,0,0.0,0.0,0.0,2026-27,0,0,0.0,0.0
6067,1628960,Grayson Allen,CHA,0,0.0,0,0,0,0,0,0.0,0.0,0.0,2026-27,0,0,0.0,0.0
6032,1627827,Dorian Finney-Smith,CHA,0,0.0,0,0,0,0,0,0.0,0.0,0.0,2026-27,0,0,0.0,0.0
6297,1629651,Nic Claxton,CHI,0,0.0,0,0,0,0,0,0.0,0.0,0.0,2026-27,0,0,0.0,0.0
6313,1626181,Norman Powell,CHI,0,0.0,0,0,0,0,0,0.0,0.0,0.0,2026-27,0,0,0.0,0.0
4048,1630846,Olivier Sarr,CLE,0,0.0,0,0,0,0,0,0.0,0.0,0.0,2026-27,0,0,0.0,0.0
6446,1642258,Zaccharie Risacher,DAL,0,0.0,0,0,0,0,0,0.0,0.0,0.0,2026-27,0,0,0.0,0.0
6257,1631204,Marcus Sasser,DAL,0,0.0,0,0,0,0,0,0.0,0.0,0.0,2026-27,0,0,0.0,0.0
6368,1630583,Santi Aldama,DAL,0,0.0,0,0,0,0,0,0.0,0.0,0.0,2026-27,0,0,0.0,0.0
6086,1630198,Isaiah Joe,DET,0,0.0,0,0,0,0,0,0.0,0.0,0.0,2026-27,0,0,0.0,0.0
6154,1628381,John Collins,DET,0,0.0,0,0,0,0,0,0.0,0.0,0.0,2026-27,0,0,0.0,0.0
6391,1627752,Taurean Prince,DET,0,0.0,0,0,0,0,0,0.0,0.0,0.0,2026-27,0,0,0.0,0.0
6059,203914,Gary Harris,DET,0,0.0,0,0,0,0,0,0.0,0.0,0.0,2026-27,0,0,0.0,0.0
5390,1629646,Charles Bassey,GSW,0,0.0,0,0,0,0,0,0.0,0.0,0.0,2026-27,0,0,0.0,0.0
6258,203935,Marcus Smart,HOU,0,0.0,0,0,0,0,0,0.0,0.0,0.0,2026-27,0,0,0.0,0.0
5929,203992,Bogdan Bogdanović,HOU,0,0.0,0,0,0,0,0,0.0,0.0,0.0,2026-27,0,0,0.0,0.0
6200,1626162,Kelly Oubre Jr.,IND,0,0.0,0,0,0,0,0,0.0,0.0,0.0,2026-27,0,0,0.0,0.0
6235,1626204,Larry Nance Jr.,IND,0,0.0,0,0,0,0,0,0.0,0.0,0.0,2026-27,0,0,0.0,0.0
5935,1627742,Brandon Ingram,LAC,0,0.0,0,0,0,0,0,0.0,0.0,0.0,2026-27,0,0,0.0,0.0
6064,1641711,Gradey Dick,LAC,0,0.0,0,0,0,0,0,0.0,0.0,0.0,2026-27,0,0,0.0,0.0
6358,1629060,Rui Hachimura,LAC,0,0.0,0,0,0,0,0,0.0,0.0,0.0,2026-27,0,0,0.0,0.0
6458,1631117,Walker Kessler,LAL,0,0.0,0,0,0,0,0,0.0,0.0,0.0,2026-27,0,0,0.0,0.0
6097,1630702,Jaden Hardy,LAL,0,0.0,0,0,0,0,0,0.0,0.0,0.0,2026-27,0,0,0.0,0.0
5984,1629012,Collin Sexton,LAL,0,0.0,0,0,0,0,0,0.0,0.0,0.0,2026-27,0,0,0.0,0.0
6342,1629656,Quentin Grimes,LAL,0,0.0,0,0,0,0,0,0.0,0.0,0.0,2026-27,0,0,0.0,0.0
6265,1629680,Matisse Thybulle,LAL,0,0.0,0,0,0,0,0,0.0,0.0,0.0,2026-27,0,0,0.0,0.0
6450,1630533,Ziaire Williams,LAL,0,0.0,0,0,0,0,0,0.0,0.0,0.0,2026-27,0,0,0.0,0.0
6367,1630572,Sandro Mamukelashvili,LAL,0,0.0,0,0,0,0,0,0.0,0.0,0.0,2026-27,0,0,0.0,0.0
6212,1626172,Kevon Looney,LAL,0,0.0,0,0,0,0,0,0.0,0.0,0.0,2026-27,0,0,0.0,0.0
6143,203924,Jerami Grant,MEM,0,0.0,0,0,0,0,0,0.0,0.0,0.0,2026-27,0,0,0.0,0.0
6224,1631200,Kris Murray,MEM,0,0.0,0,0,0,0,0,0.0,0.0,0.0,2026-27,0,0,0.0,0.0
5880,1642358,AJ Johnson,MEM,0,0.0,0,0,0,0,0,0.0,0.0,0.0,2026-27,0,0,0.0,0.0
6089,1630191,Isaiah Stewart,MEM,0,0.0,0,0,0,0,0,0.0,0.0,0.0,2026-27,0,0,0.0,0.0
5990,1626156,D'Angelo Russell,MEM,0,0.0,0,0,0,0,0,0.0,0.0,0.0,2026-27,0,0,0.0,0.0
6344,1642366,Quinten Post,MEM,0,0.0,0,0,0,0,0,0.0,0.0,0.0,2026-27,0,0,0.0,0.0
6062,203507,Giannis Antetokounmpo,MIA,0,0.0,0,0,0,0,0,0.0,0.0,0.0,2026-27,0,0,0.0,0.0
5927,1626171,Bobby Portis,MIA,0,0.0,0,0,0,0,0,0.0,0.0,0.0,2026-27,0,0,0.0,0.0
6398,203501,Tim Hardaway Jr.,MIA,0,0.0,0,0,0,0,0,0.0,0.0,0.0,2026-27,0,0,0.0,0.0
6423,1629639,Tyler Herro,MIL,0,0.0,0,0,0,0,0,0.0,0.0,0.0,2026-27,0,0,0.0,0.0
6104,1631170,Jaime Jaquez Jr.,MIL,0,0.0,0,0,0,0,0,0.0,0.0,0.0,2026-27,0,0,0.0,0.0
6193,1642857,Kasparas Jakučionis,MIL,0,0.0,0,0,0,0,0,0.0,0.0,0.0,2026-27,0,0,0.0,0.0
6197,1642276,Kel'el Ware,MIL,0,0.0,0,0,0,0,0,0.0,0.0,0.0,2026-27,0,0,0.0,0.0
5959,1627747,Caris LeVert,MIL,0,0.0,0,0,0,0,0,0.0,0.0,0.0,2026-27,0,0,0.0,0.0
6232,1630163,LaMelo Ball,MIN,0,0.0,0,0,0,0,0,0.0,0.0,0.0,2026-27,0,0,0.0,0.0
6174,1630182,Josh Green,MIN,0,0.0,0,0,0,0,0,0.0,0.0,0.0,2026-27,0,0,0.0,0.0
6286,1631243,Mouhamed Gueye,MIN,0,0.0,0,0,0,0,0,0.0,0.0,0.0,2026-27,0,0,0.0,0.0
5841,1626168,Trey Lyles,MIN,0,0.0,0,0,0,0,0,0.0,0.0,0.0,2026-27,0,0,0.0,0.0
5902,203083,Andre Drummond,NYK,0,0.0,0,0,0,0,0,0.0,0.0,0.0,2026-27,0,0,0.0,0.0
6287,1630619,Moussa Cisse,NYK,0,0.0,0,0,0,0,0,0.0,0.0,0.0,2026-27,0,0,0.0,0.0
6306,202696,Nikola Vučević,ORL,0,0.0,0,0,0,0,0,0.0,0.0,0.0,2026-27,0,0,0.0,0.0
6136,1627759,Jaylen Brown,PHI,0,0.0,0,0,0,0,0,0.0,0.0,0.0,2026-27,0,0,0.0,0.0
5906,1629014,Anfernee Simons,PHI,0,0.0,0,0,0,0,0,0.0,0.0,0.0,2026-27,0,0,0.0,0.0
6014,1629731,Dean Wade,PHI,0,0.0,0,0,0,0,0,0.0,0.0,0.0,2026-27,0,0,0.0,0.0
5912,1630574,Ariel Hukporti,PHI,0,0.0,0,0,0,0,0,0.0,0.0,0.0,2026-27,0,0,0.0,0.0
5951,1631126,Caleb Love,PHI,0,0.0,0,0,0,0,0,0.0,0.0,0.0,2026-27,0,0,0.0,0.0
6348,1641712,Rayan Rupert,PHI,0,0.0,0,0,0,0,0,0.0,0.0,0.0,2026-27,0,0,0.0,0.0
6276,1628970,Miles Bridges,PHX,0,0.0,0,0,0,0,0,0.0,0.0,0.0,2026-27,0,0,0.0,0.0
6248,1628379,Luke Kennard,PHX,0,0.0,0,0,0,0,0,0.0,0.0,0.0,2026-27,0,0,0.0,0.0
5498,1629312,Haywood Highsmith,PHX,0,0.0,0,0,0,0,0,0.0,0.0,0.0,2026-27,0,0,0.0,0.0
6092,1629630,Ja Morant,POR,0,0.0,0,0,0,0,0,0.0,0.0,0.0,2026-27,0,0,0.0,0.0
5932,1642382,Branden Carlson,POR,0,0.0,0,0,0,0,0,0.0,0.0,0.0,2026-27,0,0,0.0,0.0
6272,1630695,Micah Potter,POR,0,0.0,0,0,0,0,0,0.0,0.0,0.0,2026-27,0,0,0.0,0.0
6164,1642367,Jonathan Mogbo,SAC,0,0.0,0,0,0,0,0,0.0,0.0,0.0,2026-27,0,0,0.0,0.0
6399,202699,Tobias Harris,SAS,0,0.0,0,0,0,0,0,0.0,0.0,0.0,2026-27,0,0,0.0,0.0
6194,202695,Kawhi Leonard,TOR,0,0.0,0,0,0,0,0,0.0,0.0,0.0,2026-27,0,0,0.0,0.0
6226,203937,Kyle Anderson,TOR,0,0.0,0,0,0,0,0,0.0,0.0,0.0,2026-27,0,0,0.0,0.0
6178,1629006,Josh Okogie,UTA,0,0.0,0,0,0,0,0,0.0,0.0,0.0,2026-27,0,0,0.0,0.0
6134,1629637,Jaxson Hayes,UTA,0,0.0,0,0,0,0,0,0.0,0.0,0.0,2026-27,0,0,0.0,0.0
5713,1628964,Mo Bamba,UTA,0,0.0,0,0,0,0,0,0.0,0.0,0.0,2026-27,0,0,0.0,0.0
6015,1629028,Deandre Ayton,WAS,0,0.0,0,0,0,0,0,0.0,0.0,0.0,2026-27,0,0,0.0,0.0
6215,203114,Khris Middleton,WAS,0,0.0,0,0,0,0,0,0.0,0.0,0.0,2026-27,0,0,0.0,0.0
5956,1641715,Cam Whitmore,WAS,0,0.0,0,0,0,0,0,0.0,0.0,0.0,2026-27,0,0,0.0,0.0
5878,1630639,A.J. Lawson,TOR,0,0.0,0,0,0,0,0,0.0,0.0,0.0,2026-27,0,0,0.0,0.0
5879,1631260,AJ Green,MIL,0,0.0,0,0,0,0,0,0.0,0.0,0.0,2026-27,0,0,0.0,0.0
5881,203932,Aaron Gordon,DEN,0,0.0,0,0,0,0,0,0.0,0.0,0.0,2026-27,0,0,0.0,0.0
5882,1628988,Aaron Holiday,HOU,0,0.0,0,0,0,0,0,0.0,0.0,0.0,2026-27,0,0,0.0,0.0
5883,1630174,Aaron Nesmith,IND,0,0.0,0,0,0,0,0,0.0,0.0,0.0,2026-27,0,0,0.0,0.0
5885,1642846,Ace Bailey,UTA,0,0.0,0,0,0,0,0,0.0,0.0,0.0,2026-27,0,0,0.0,0.0
5887,1641737,Adem Bona,PHI,0,0.0,0,0,0,0,0,0.0,0.0,0.0,2026-27,0,0,0.0,0.0
5888,1642876,Adou Thiero,LAL,0,0.0,0,0,0,0,0,0.0,0.0,0.0,2026-27,0,0,0.0,0.0
5889,1642349,Ajay Mitchell,OKC,0,0.0,0,0,0,0,0,0.0,0.0,0.0,2026-27,0,0,0.0,0.0
5890,201143,Al Horford,GSW,0,0.0,0,0,0,0,0,0.0,0.0,0.0,2026-27,0,0,0.0,0.0
5892,1627936,Alex Caruso,OKC,0,0.0,0,0,0,0,0,0.0,0.0,0.0,2026-27,0,0,0.0,0.0
5894,1642259,Alex Sarr,WAS,0,0.0,0,0,0,0,0,0.0,0.0,0.0,2026-27,0,0,0.0,0.0
5895,1642918,Alijah Martin,TOR,0,0.0,0,0,0,0,0,0.0,0.0,0.0,2026-27,0,0,0.0,0.0
5897,1630578,Alperen Sengun,HOU,0,0.0,0,0,0,0,0,0.0,0.0,0.0,2026-27,0,0,0.0,0.0
5898,1642873,Amari Williams,BOS,0,0.0,0,0,0,0,0,0.0,0.0,0.0,2026-27,0,0,0.0,0.0
5899,1641708,Amen Thompson,HOU,0,0.0,0,0,0,0,0,0.0,0.0,0.0,2026-27,0,0,0.0,0.0
5900,1629599,Amir Coffey,PHX,0,0.0,0,0,0,0,0,0.0,0.0,0.0,2026-27,0,0,0.0,0.0
5903,1641748,Andre Jackson Jr.,MIL,0,0.0,0,0,0,0,0,0.0,0.0,0.0,2026-27,0,0,0.0,0.0
5904,1629614,Andrew Nembhard,IND,0,0.0,0,0,0,0,0,0.0,0.0,0.0,2026-27,0,0,0.0,0.0
5905,203952,Andrew Wiggins,MIA,0,0.0,0,0,0,0,0,0.0,0.0,0.0,2026-27,0,0,0.0,0.0
5907,1641710,Anthony Black,ORL,0,0.0,0,0,0,0,0,0.0,0.0,0.0,2026-27,0,0,0.0,0.0
5908,203076,Anthony Davis,WAS,0,0.0,0,0,0,0,0,0.0,0.0,0.0,2026-27,0,0,0.0,0.0
5909,1630162,Anthony Edwards,MIN,0,0.0,0,0,0,0,0,0.0,0.0,0.0,2026-27,0,0,0.0,0.0
5910,1630264,Anthony Gill,WAS,0,0.0,0,0,0,0,0,0.0,0.0,0.0,2026-27,0,0,0.0,0.0
5913,1642854,Asa Newell,ATL,0,0.0,0,0,0,0,0,0.0,0.0,0.0,2026-27,0,0,0.0,0.0
5914,1641709,Ausar Thompson,DET,0,0.0,0,0,0,0,0,0.0,0.0,0.0,2026-27,0,0,0.0,0.0
5915,1630559,Austin Reaves,LAL,0,0.0,0,0,0,0,0,0.0,0.0,0.0,2026-27,0,0,0.0,0.0
5916,1630245,Ayo Dosunmu,MIN,0,0.0,0,0,0,0,0,0.0,0.0,0.0,2026-27,0,0,0.0,0.0
5917,1628389,Bam Adebayo,MIA,0,0.0,0,0,0,0,0,0.0,0.0,0.0,2026-27,0,0,0.0,0.0
5918,1631248,Baylor Scheierman,BOS,0,0.0,0,0,0,0,0,0.0,0.0,0.0,2026-27,0,0,0.0,0.0
5919,1642879,Ben Saraf,BKN,0,0.0,0,0,0,0,0,0.0,0.0,0.0,2026-27,0,0,0.0,0.0
5920,1641767,Ben Sheppard,IND,0,0.0,0,0,0,0,0,0.0,0.0,0.0,2026-27,0,0,0.0,0.0
5921,1631097,Bennedict Mathurin,LAC,0,0.0,0,0,0,0,0,0.0,0.0,0.0,2026-27,0,0,0.0,0.0
5923,1641731,Bilal Coulibaly,WAS,0,0.0,0,0,0,0,0,0.0,0.0,0.0,2026-27,0,0,0.0,0.0
5924,202687,Bismack Biyombo,SAS,0,0.0,0,0,0,0,0,0.0,0.0,0.0,2026-27,0,0,0.0,0.0
5926,1631104,Blake Wesley,POR,0,0.0,0,0,0,0,0,0.0,0.0,0.0,2026-27,0,0,0.0,0.0
5930,1630538,Bones Hyland,MIN,0,0.0,0,0,0,0,0,0.0,0.0,0.0,2026-27,0,0,0.0,0.0
5933,1641764,Brandin Podziemski,GSW,0,0.0,0,0,0,0,0,0.0,0.0,0.0,2026-27,0,0,0.0,0.0
5936,1641706,Brandon Miller,CHA,0,0.0,0,0,0,0,0,0.0,0.0,0.0,2026-27,0,0,0.0,0.0
5937,1630314,Brandon Williams,DAL,0,0.0,0,0,0,0,0,0.0,0.0,0.0,2026-27,0,0,0.0,0.0
5938,1641729,Brice Sensabaugh,UTA,0,0.0,0,0,0,0,0,0.0,0.0,0.0,2026-27,0,0,0.0,0.0
5939,1642355,Bronny James,LAL,0,0.0,0,0,0,0,0,0.0,0.0,0.0,2026-27,0,0,0.0,0.0
5940,201572,Brook Lopez,LAC,0,0.0,0,0,0,0,0,0.0,0.0,0.0,2026-27,0,0,0.0,0.0
5941,1642964,Brooks Barnhizer,OKC,0,0.0,0,0,0,0,0,0.0,0.0,0.0,2026-27,0,0,0.0,0.0
5942,1628971,Bruce Brown,DEN,0,0.0,0,0,0,0,0,0.0,0.0,0.0,2026-27,0,0,0.0,0.0
5943,1631121,Bryce McGowens,NOP,0,0.0,0,0,0,0,0,0.0,0.0,0.0,2026-27,0,0,0.0,0.0
5944,1642267,Bub Carrington,WAS,0,0.0,0,0,0,0,0,0.0,0.0,0.0,2026-27,0,0,0.0,0.0
5946,1627741,Buddy Hield,ATL,0,0.0,0,0,0,0,0,0.0,0.0,0.0,2026-27,0,0,0.0,0.0
5948,203468,CJ McCollum,ATL,0,0.0,0,0,0,0,0,0.0,0.0,0.0,2026-27,0,0,0.0,0.0
5949,1630595,Cade Cunningham,DET,0,0.0,0,0,0,0,0,0.0,0.0,0.0,2026-27,0,0,0.0,0.0
5952,1628997,Caleb Martin,DAL,0,0.0,0,0,0,0,0,0.0,0.0,0.0,2026-27,0,0,0.0,0.0
5953,1642353,Cam Christie,LAC,0,0.0,0,0,0,0,0,0.0,0.0,0.0,2026-27,0,0,0.0,0.0
5954,1642285,Cam Spencer,MEM,0,0.0,0,0,0,0,0,0.0,0.0,0.0,2026-27,0,0,0.0,0.0
5955,1630560,Cam Thomas,MIL,0,0.0,0,0,0,0,0,0.0,0.0,0.0,2026-27,0,0,0.0,0.0
5957,1629661,Cameron Johnson,DEN,0,0.0,0,0,0,0,0,0.0,0.0,0.0,2026-27,0,0,0.0,0.0
5958,1626166,Cameron Payne,PHI,0,0.0,0,0,0,0,0,0.0,0.0,0.0,2026-27,0,0,0.0,0.0
5960,1642868,Carter Bryant,SAS,0,0.0,0,0,0,0,0,0.0,0.0,0.0,2026-27,0,0,0.0,0.0
5961,1641717,Cason Wallace,OKC,0,0.0,0,0,0,0,0,0.0,0.0,0.0,2026-27,0,0,0.0,0.0
5962,1642907,Cedric Coward,MEM,0,0.0,0,0,0,0,0,0.0,0.0,0.0,2026-27,0,0,0.0,0.0
5965,1642404,Chaz Lanier,DET,0,0.0,0,0,0,0,0,0.0,0.0,0.0,2026-27,0,0,0.0,0.0
5966,1631096,Chet Holmgren,OKC,0,0.0,0,0,0,0,0,0.0,0.0,0.0,2026-27,0,0,0.0,0.0
5971,1642959,Chris Youngblood,POR,0,0.0,0,0,0,0,0,0.0,0.0,0.0,2026-27,0,0,0.0,0.0
5972,1631128,Christian Braun,DEN,0,0.0,0,0,0,0,0,0.0,0.0,0.0,2026-27,0,0,0.0,0.0
5973,1631132,Christian Koloko,ATL,0,0.0,0,0,0,0,0,0.0,0.0,0.0,2026-27,0,0,0.0,0.0
5975,203991,Clint Capela,HOU,0,0.0,0,0,0,0,0,0.0,0.0,0.0,2026-27,0,0,0.0,0.0
5976,1629632,Coby White,CHA,0,0.0,0,0,0,0,0,0.0,0.0,0.0,2026-27,0,0,0.0,0.0
5978,1642262,Cody Williams,UTA,0,0.0,0,0,0,0,0,0.0,0.0,0.0,2026-27,0,0,0.0,0.0
5980,1630175,Cole Anthony,MIL,0,0.0,0,0,0,0,0,0.0,0.0,0.0,2026-27,0,0,0.0,0.0
5982,1631221,Collin Gillespie,PHX,0,0.0,0,0,0,0,0,0.0,0.0,0.0,2026-27,0,0,0.0,0.0
5983,1642867,Collin Murray-Boyles,TOR,0,0.0,0,0,0,0,0,0.0,0.0,0.0,2026-27,0,0,0.0,0.0
5985,1642843,Cooper Flagg,DAL,0,0.0,0,0,0,0,0,0.0,0.0,0.0,2026-27,0,0,0.0,0.0
5986,1630557,Corey Kispert,ATL,0,0.0,0,0,0,0,0,0.0,0.0,0.0,2026-27,0,0,0.0,0.0
5988,1641854,Craig Porter Jr.,CLE,0,0.0,0,0,0,0,0,0.0,0.0,0.0,2026-27,0,0,0.0,0.0
5992,1641747,DaRon Holmes II,DEN,0,0.0,0,0,0,0,0,0.0,0.0,0.0,2026-27,0,0,0.0,0.0
5993,1631342,Daeqwon Plowden,SAC,0,0.0,0,0,0,0,0,0.0,0.0,0.0,2026-27,0,0,0.0,0.0
5995,1631207,Dalen Terry,PHI,0,0.0,0,0,0,0,0,0.0,0.0,0.0,2026-27,0,0,0.0,0.0
5996,1642261,Dalton Knecht,LAL,0,0.0,0,0,0,0,0,0.0,0.0,0.0,2026-27,0,0,0.0,0.0
5997,1629655,Daniel Gafford,DAL,0,0.0,0,0,0,0,0,0.0,0.0,0.0,2026-27,0,0,0.0,0.0
5998,1642450,Daniss Jenkins,DET,0,0.0,0,0,0,0,0,0.0,0.0,0.0,2026-27,0,0,0.0,0.0
5999,1642874,Danny Wolf,BKN,0,0.0,0,0,0,0,0,0.0,0.0,0.0,2026-27,0,0,0.0,0.0
6003,1629636,Darius Garland,LAC,0,0.0,0,0,0,0,0,0.0,0.0,0.0,2026-27,0,0,0.0,0.0
6006,1630558,Davion Mitchell,MIA,0,0.0,0,0,0,0,0,0.0,0.0,0.0,2026-27,0,0,0.0,0.0
6007,1630549,Day'Ron Sharpe,BKN,0,0.0,0,0,0,0,0,0.0,0.0,0.0,2026-27,0,0,0.0,0.0
6008,1628368,De'Aaron Fox,SAS,0,0.0,0,0,0,0,0,0.0,0.0,0.0,2026-27,0,0,0.0,0.0
6009,1629631,De'Andre Hunter,SAC,0,0.0,0,0,0,0,0,0.0,0.0,0.0,2026-27,0,0,0.0,0.0
6010,1629001,De'Anthony Melton,GSW,0,0.0,0,0,0,0,0,0.0,0.0,0.0,2026-27,0,0,0.0,0.0
6013,201942,DeMar DeRozan,SAC,0,0.0,0,0,0,0,0,0.0,0.0,0.0,2026-27,0,0,0.0,0.0
6016,1630166,Deni Avdija,POR,0,0.0,0,0,0,0,0,0.0,0.0,0.0,2026-27,0,0,0.0,0.0
6017,203471,Dennis Schröder,CLE,0,0.0,0,0,0,0,0,0.0,0.0,0.0,2026-27,0,0,0.0,0.0
6019,1642852,Derik Queen,NOP,0,0.0,0,0,0,0,0,0.0,0.0,0.0,2026-27,0,0,0.0,0.0
6020,1627884,Derrick Jones Jr.,LAC,0,0.0,0,0,0,0,0,0.0,0.0,0.0,2026-27,0,0,0.0,0.0
6021,1628401,Derrick White,BOS,0,0.0,0,0,0,0,0,0.0,0.0,0.0,2026-27,0,0,0.0,0.0
6022,1630217,Desmond Bane,ORL,0,0.0,0,0,0,0,0,0.0,0.0,0.0,2026-27,0,0,0.0,0.0
6023,1626164,Devin Booker,PHX,0,0.0,0,0,0,0,0,0.0,0.0,0.0,2026-27,0,0,0.0,0.0
6025,1630170,Devin Vassell,SAS,0,0.0,0,0,0,0,0,0.0,0.0,0.0,2026-27,0,0,0.0,0.0
6026,1628415,Dillon Brooks,PHX,0,0.0,0,0,0,0,0,0.0,0.0,0.0,2026-27,0,0,0.0,0.0
6028,1631230,Dominick Barlow,PHI,0,0.0,0,0,0,0,0,0.0,0.0,0.0,2026-27,0,0,0.0,0.0
6029,1642270,Donovan Clingan,POR,0,0.0,0,0,0,0,0,0.0,0.0,0.0,2026-27,0,0,0.0,0.0
6030,1628378,Donovan Mitchell,CLE,0,0.0,0,0,0,0,0,0.0,0.0,0.0,2026-27,0,0,0.0,0.0
6031,1628978,Donte DiVincenzo,MIN,0,0.0,0,0,0,0,0,0.0,0.0,0.0,2026-27,0,0,0.0,0.0
6033,203926,Doug McDermott,SAC,0,0.0,0,0,0,0,0,0.0,0.0,0.0,2026-27,0,0,0.0,0.0
6034,1642962,Drake Powell,BKN,0,0.0,0,0,0,0,0,0.0,0.0,0.0,2026-27,0,0,0.0,0.0
6035,203110,Draymond Green,GSW,0,0.0,0,0,0,0,0,0.0,0.0,0.0,2026-27,0,0,0.0,0.0
6036,1629234,Drew Eubanks,SAC,0,0.0,0,0,0,0,0,0.0,0.0,0.0,2026-27,0,0,0.0,0.0
6038,1631166,Drew Timme,LAL,0,0.0,0,0,0,0,0,0.0,0.0,0.0,2026-27,0,0,0.0,0.0
6039,1630696,Dru Smith,MIA,0,0.0,0,0,0,0,0,0.0,0.0,0.0,2026-27,0,0,0.0,0.0
6040,1629130,Duncan Robinson,DET,0,0.0,0,0,0,0,0,0.0,0.0,0.0,2026-27,0,0,0.0,0.0
6041,1641871,Duop Reath,POR,0,0.0,0,0,0,0,0,0.0,0.0,0.0,2026-27,0,0,0.0,0.0
6042,203939,Dwight Powell,DAL,0,0.0,0,0,0,0,0,0.0,0.0,0.0,2026-27,0,0,0.0,0.0
6043,1642928,Dylan Cardwell,SAC,0,0.0,0,0,0,0,0,0.0,0.0,0.0,2026-27,0,0,0.0,0.0
6044,1642844,Dylan Harper,SAS,0,0.0,0,0,0,0,0,0.0,0.0,0.0,2026-27,0,0,0.0,0.0
6045,1630700,Dyson Daniels,ATL,0,0.0,0,0,0,0,0,0.0,0.0,0.0,2026-27,0,0,0.0,0.0
6046,1630604,E.J. Liddell,BKN,0,0.0,0,0,0,0,0,0.0,0.0,0.0,2026-27,0,0,0.0,0.0
6047,1642856,Egor Dëmin,BKN,0,0.0,0,0,0,0,0,0.0,0.0,0.0,2026-27,0,0,0.0,0.0
6048,1641989,Elijah Harkless,UTA,0,0.0,0,0,0,0,0,0.0,0.0,0.0,2026-27,0,0,0.0,0.0
6052,1630679,Ethan Thompson,IND,0,0.0,0,0,0,0,0,0.0,0.0,0.0,2026-27,0,0,0.0,0.0
6053,1630596,Evan Mobley,CLE,0,0.0,0,0,0,0,0,0.0,0.0,0.0,2026-27,0,0,0.0,0.0
6054,1630532,Franz Wagner,ORL,0,0.0,0,0,0,0,0,0.0,0.0,0.0,2026-27,0,0,0.0,0.0
6055,1641713,GG Jackson,MEM,0,0.0,0,0,0,0,0,0.0,0.0,0.0,2026-27,0,0,0.0,0.0
6056,1629216,Gabe Vincent,ATL,0,0.0,0,0,0,0,0,0.0,0.0,0.0,2026-27,0,0,0.0,0.0
6057,202066,Garrett Temple,TOR,0,0.0,0,0,0,0,0,0.0,0.0,0.0,2026-27,0,0,0.0,0.0
6060,1627780,Gary Payton II,GSW,0,0.0,0,0,0,0,0,0.0,0.0,0.0,2026-27,0,0,0.0,0.0
6061,1629018,Gary Trent Jr.,MIL,0,0.0,0,0,0,0,0,0.0,0.0,0.0,2026-27,0,0,0.0,0.0
6063,1629048,Goga Bitadze,ORL,0,0.0,0,0,0,0,0,0.0,0.0,0.0,2026-27,0,0,0.0,0.0
6066,1629684,Grant Williams,CHA,0,0.0,0,0,0,0,0,0.0,0.0,0.0,2026-27,0,0,0.0,0.0
6068,1627824,Guerschon Yabusele,CHI,0,0.0,0,0,0,0,0,0.0,0.0,0.0,2026-27,0,0,0.0,0.0
6069,1630611,Gui Santos,GSW,0,0.0,0,0,0,0,0,0.0,0.0,0.0,2026-27,0,0,0.0,0.0
6070,203084,Harrison Barnes,SAS,0,0.0,0,0,0,0,0,0.0,0.0,0.0,2026-27,0,0,0.0,0.0
6074,1630529,Herbert Jones,NOP,0,0.0,0,0,0,0,0,0.0,0.0,0.0,2026-27,0,0,0.0,0.0
6075,1642864,Hugo González,BOS,0,0.0,0,0,0,0,0,0.0,0.0,0.0,2026-27,0,0,0.0,0.0
6078,1641816,Hunter Tyson,DEN,0,0.0,0,0,0,0,0,0.0,0.0,0.0,2026-27,0,0,0.0,0.0
6079,1630193,Immanuel Quickley,TOR,0,0.0,0,0,0,0,0,0.0,0.0,0.0,2026-27,0,0,0.0,0.0
6081,1630171,Isaac Okoro,CHI,0,0.0,0,0,0,0,0,0.0,0.0,0.0,2026-27,0,0,0.0,0.0
6082,1642268,Isaiah Collier,UTA,0,0.0,0,0,0,0,0,0.0,0.0,0.0,2026-27,0,0,0.0,0.0
6084,1628392,Isaiah Hartenstein,OKC,0,0.0,0,0,0,0,0,0.0,0.0,0.0,2026-27,0,0,0.0,0.0
6085,1630543,Isaiah Jackson,LAC,0,0.0,0,0,0,0,0,0.0,0.0,0.0,2026-27,0,0,0.0,0.0
6087,1630587,Isaiah Livers,PHX,0,0.0,0,0,0,0,0,0.0,0.0,0.0,2026-27,0,0,0.0,0.0
6090,1627826,Ivica Zubac,IND,0,0.0,0,0,0,0,0,0.0,0.0,0.0,2026-27,0,0,0.0,0.0
6091,1631120,JD Davison,HOU,0,0.0,0,0,0,0,0,0.0,0.0,0.0,2026-27,0,0,0.0,0.0
6093,1642266,Ja'Kobe Walter,TOR,0,0.0,0,0,0,0,0,0.0,0.0,0.0,2026-27,0,0,0.0,0.0
6094,1631095,Jabari Smith Jr.,HOU,0,0.0,0,0,0,0,0,0.0,0.0,0.0,2026-27,0,0,0.0,0.0
6095,1631133,Jabari Walker,PHI,0,0.0,0,0,0,0,0,0.0,0.0,0.0,2026-27,0,0,0.0,0.0
6098,1631093,Jaden Ivey,CHI,0,0.0,0,0,0,0,0,0.0,0.0,0.0,2026-27,0,0,0.0,0.0
6099,1630183,Jaden McDaniels,MIN,0,0.0,0,0,0,0,0,0.0,0.0,0.0,2026-27,0,0,0.0,0.0
6100,1630256,Jae'Sean Tate,HOU,0,0.0,0,0,0,0,0,0.0,0.0,0.0,2026-27,0,0,0.0,0.0
6101,1642942,Jahmai Mashack,MEM,0,0.0,0,0,0,0,0,0.0,0.0,0.0,2026-27,0,0,0.0,0.0
6105,1631222,Jake LaRavia,LAL,0,0.0,0,0,0,0,0,0.0,0.0,0.0,2026-27,0,0,0.0,0.0
6106,1627751,Jakob Poeltl,TOR,0,0.0,0,0,0,0,0,0.0,0.0,0.0,2026-27,0,0,0.0,0.0
6107,1628973,Jalen Brunson,NYK,0,0.0,0,0,0,0,0,0.0,0.0,0.0,2026-27,0,0,0.0,0.0
6108,1631105,Jalen Duren,DET,0,0.0,0,0,0,0,0,0.0,0.0,0.0,2026-27,0,0,0.0,0.0
6109,1630224,Jalen Green,PHX,0,0.0,0,0,0,0,0,0.0,0.0,0.0,2026-27,0,0,0.0,0.0
6110,1630552,Jalen Johnson,ATL,0,0.0,0,0,0,0,0,0.0,0.0,0.0,2026-27,0,0,0.0,0.0
6111,1629618,Jalen Pickett,DEN,0,0.0,0,0,0,0,0,0.0,0.0,0.0,2026-27,0,0,0.0,0.0
6113,1630188,Jalen Smith,CHI,0,0.0,0,0,0,0,0,0.0,0.0,0.0,2026-27,0,0,0.0,0.0
6114,1630591,Jalen Suggs,ORL,0,0.0,0,0,0,0,0,0.0,0.0,0.0,2026-27,0,0,0.0,0.0
6115,1631114,Jalen Williams,OKC,0,0.0,0,0,0,0,0,0.0,0.0,0.0,2026-27,0,0,0.0,0.0
6116,1630592,Jalen Wilson,BKN,0,0.0,0,0,0,0,0,0.0,0.0,0.0,2026-27,0,0,0.0,0.0
6117,1631288,Jamal Cain,ORL,0,0.0,0,0,0,0,0,0.0,0.0,0.0,2026-27,0,0,0.0,0.0
6118,1627750,Jamal Murray,DEN,0,0.0,0,0,0,0,0,0.0,0.0,0.0,2026-27,0,0,0.0,0.0
6119,1642347,Jamal Shead,TOR,0,0.0,0,0,0,0,0,0.0,0.0,0.0,2026-27,0,0,0.0,0.0
6120,1631123,Jamaree Bouyea,PHX,0,0.0,0,0,0,0,0,0.0,0.0,0.0,2026-27,0,0,0.0,0.0
6121,201935,James Harden,CLE,0,0.0,0,0,0,0,0,0.0,0.0,0.0,2026-27,0,0,0.0,0.0
6123,1642364,Jamir Watkins,WAS,0,0.0,0,0,0,0,0,0.0,0.0,0.0,2026-27,0,0,0.0,0.0
6124,1642419,Jamison Battle,TOR,0,0.0,0,0,0,0,0,0.0,0.0,0.0,2026-27,0,0,0.0,0.0
6125,1641716,Jarace Walker,IND,0,0.0,0,0,0,0,0,0.0,0.0,0.0,2026-27,0,0,0.0,0.0
6126,1642272,Jared McCain,OKC,0,0.0,0,0,0,0,0,0.0,0.0,0.0,2026-27,0,0,0.0,0.0
6127,1628991,Jaren Jackson Jr.,UTA,0,0.0,0,0,0,0,0,0.0,0.0,0.0,2026-27,0,0,0.0,0.0
6128,1629020,Jarred Vanderbilt,LAL,0,0.0,0,0,0,0,0,0.0,0.0,0.0,2026-27,0,0,0.0,0.0
6129,1628386,Jarrett Allen,CLE,0,0.0,0,0,0,0,0,0.0,0.0,0.0,2026-27,0,0,0.0,0.0
6130,1642859,Jase Richardson,ORL,0,0.0,0,0,0,0,0,0.0,0.0,0.0,2026-27,0,0,0.0,0.0
6131,1642914,Javon Small,MEM,0,0.0,0,0,0,0,0,0.0,0.0,0.0,2026-27,0,0,0.0,0.0
6133,1629750,Javonte Green,DET,0,0.0,0,0,0,0,0,0.0,0.0,0.0,2026-27,0,0,0.0,0.0
6135,1630643,Jay Huff,IND,0,0.0,0,0,0,0,0,0.0,0.0,0.0,2026-27,0,0,0.0,0.0
6137,1641740,Jaylen Clark,MIN,0,0.0,0,0,0,0,0,0.0,0.0,0.0,2026-27,0,0,0.0,0.0
6138,1642377,Jaylen Wells,MEM,0,0.0,0,0,0,0,0,0.0,0.0,0.0,2026-27,0,0,0.0,0.0
6139,1631119,Jaylin Williams,OKC,0,0.0,0,0,0,0,0,0.0,0.0,0.0,2026-27,0,0,0.0,0.0
6140,1642281,Jaylon Tyson,CLE,0,0.0,0,0,0,0,0,0.0,0.0,0.0,2026-27,0,0,0.0,0.0
6142,201145,Jeff Green,HOU,0,0.0,0,0,0,0,0,0.0,0.0,0.0,2026-27,0,0,0.0,0.0
6144,1642847,Jeremiah Fears,NOP,0,0.0,0,0,0,0,0,0.0,0.0,0.0,2026-27,0,0,0.0,0.0
6145,1630526,Jeremiah Robinson-Earl,DAL,0,0.0,0,0,0,0,0,0.0,0.0,0.0,2026-27,0,0,0.0,0.0
6146,1630579,Jericho Sims,MIL,0,0.0,0,0,0,0,0,0.0,0.0,0.0,2026-27,0,0,0.0,0.0
6147,1641724,Jett Howard,ORL,0,0.0,0,0,0,0,0,0.0,0.0,0.0,2026-27,0,0,0.0,0.0
6148,1628975,Jevon Carter,ORL,0,0.0,0,0,0,0,0,0.0,0.0,0.0,2026-27,0,0,0.0,0.0
6149,202710,Jimmy Butler III,GSW,0,0.0,0,0,0,0,0,0.0,0.0,0.0,2026-27,0,0,0.0,0.0
6150,1642866,Joan Beringer,MIN,0,0.0,0,0,0,0,0,0.0,0.0,0.0,2026-27,0,0,0.0,0.0
6151,1629111,Jock Landale,ATL,0,0.0,0,0,0,0,0,0.0,0.0,0.0,2026-27,0,0,0.0,0.0
6152,204060,Joe Ingles,MIN,0,0.0,0,0,0,0,0,0.0,0.0,0.0,2026-27,0,0,0.0,0.0
6153,203954,Joel Embiid,PHI,0,0.0,0,0,0,0,0,0.0,0.0,0.0,2026-27,0,0,0.0,0.0
6155,1629723,John Konchar,UTA,0,0.0,0,0,0,0,0,0.0,0.0,0.0,2026-27,0,0,0.0,0.0
6159,1642277,Johnny Furphy,IND,0,0.0,0,0,0,0,0,0.0,0.0,0.0,2026-27,0,0,0.0,0.0
6160,1630548,Johnny Juzang,MIN,0,0.0,0,0,0,0,0,0.0,0.0,0.0,2026-27,0,0,0.0,0.0
6161,202685,Jonas Valančiūnas,DEN,0,0.0,0,0,0,0,0,0.0,0.0,0.0,2026-27,0,0,0.0,0.0
6162,1628371,Jonathan Isaac,ORL,0,0.0,0,0,0,0,0,0.0,0.0,0.0,2026-27,0,0,0.0,0.0
6163,1630228,Jonathan Kuminga,ATL,0,0.0,0,0,0,0,0,0.0,0.0,0.0,2026-27,0,0,0.0,0.0
6165,203903,Jordan Clarkson,NYK,0,0.0,0,0,0,0,0,0.0,0.0,0.0,2026-27,0,0,0.0,0.0
6166,1630692,Jordan Goodwin,PHX,0,0.0,0,0,0,0,0,0.0,0.0,0.0,2026-27,0,0,0.0,0.0
6167,1641722,Jordan Hawkins,NOP,0,0.0,0,0,0,0,0,0.0,0.0,0.0,2026-27,0,0,0.0,0.0
6168,1629162,Jordan McLaughlin,SAS,0,0.0,0,0,0,0,0,0.0,0.0,0.0,2026-27,0,0,0.0,0.0
6169,1641757,Jordan Miller,LAC,0,0.0,0,0,0,0,0,0.0,0.0,0.0,2026-27,0,0,0.0,0.0
6170,1629673,Jordan Poole,NOP,0,0.0,0,0,0,0,0,0.0,0.0,0.0,2026-27,0,0,0.0,0.0
6171,1641775,Jordan Walsh,BOS,0,0.0,0,0,0,0,0,0.0,0.0,0.0,2026-27,0,0,0.0,0.0
6172,1630631,Jose Alvarado,NYK,0,0.0,0,0,0,0,0,0.0,0.0,0.0,2026-27,0,0,0.0,0.0
6173,1630581,Josh Giddey,CHI,0,0.0,0,0,0,0,0,0.0,0.0,0.0,2026-27,0,0,0.0,0.0
6175,1628404,Josh Hart,NYK,0,0.0,0,0,0,0,0,0.0,0.0,0.0,2026-27,0,0,0.0,0.0
6176,1631169,Josh Minott,BKN,0,0.0,0,0,0,0,0,0.0,0.0,0.0,2026-27,0,0,0.0,0.0
6179,201950,Jrue Holiday,POR,0,0.0,0,0,0,0,0,0.0,0.0,0.0,2026-27,0,0,0.0,0.0
6180,1630577,Julian Champagnie,SAS,0,0.0,0,0,0,0,0,0.0,0.0,0.0,2026-27,0,0,0.0,0.0
6181,1641763,Julian Phillips,MIN,0,0.0,0,0,0,0,0,0.0,0.0,0.0,2026-27,0,0,0.0,0.0
6183,1631124,Julian Strawther,DEN,0,0.0,0,0,0,0,0,0.0,0.0,0.0,2026-27,0,0,0.0,0.0
6185,1630551,Justin Champagnie,WAS,0,0.0,0,0,0,0,0,0.0,0.0,0.0,2026-27,0,0,0.0,0.0
6186,1642348,Justin Edwards,PHI,0,0.0,0,0,0,0,0,0.0,0.0,0.0,2026-27,0,0,0.0,0.0
6187,203994,Jusuf Nurkić,UTA,0,0.0,0,0,0,0,0,0.0,0.0,0.0,2026-27,0,0,0.0,0.0
6188,1642354,KJ Simpson,DEN,0,0.0,0,0,0,0,0,0.0,0.0,0.0,2026-27,0,0,0.0,0.0
6190,1642880,Kam Jones,IND,0,0.0,0,0,0,0,0,0.0,0.0,0.0,2026-27,0,0,0.0,0.0
6191,1626157,Karl-Anthony Towns,NYK,0,0.0,0,0,0,0,0,0.0,0.0,0.0,2026-27,0,0,0.0,0.0
6192,1631255,Karlo Matković,NOP,0,0.0,0,0,0,0,0,0.0,0.0,0.0,2026-27,0,0,0.0,0.0
6195,1630811,Keaton Wallace,ATL,0,0.0,0,0,0,0,0,0.0,0.0,0.0,2026-27,0,0,0.0,0.0
6196,1631099,Keegan Murray,SAC,0,0.0,0,0,0,0,0,0.0,0.0,0.0,2026-27,0,0,0.0,0.0
6198,1629640,Keldon Johnson,SAS,0,0.0,0,0,0,0,0,0.0,0.0,0.0,2026-27,0,0,0.0,0.0
6199,203482,Kelly Olynyk,SAS,0,0.0,0,0,0,0,0,0.0,0.0,0.0,2026-27,0,0,0.0,0.0
6202,1629026,Kenrich Williams,OKC,0,0.0,0,0,0,0,0,0.0,0.0,0.0,2026-27,0,0,0.0,0.0
6203,203484,Kentavious Caldwell-Pope,MEM,0,0.0,0,0,0,0,0,0.0,0.0,0.0,2026-27,0,0,0.0,0.0
6204,1631165,Keon Ellis,CLE,0,0.0,0,0,0,0,0,0.0,0.0,0.0,2026-27,0,0,0.0,0.0
6205,1642352,Keshad Johnson,MIA,0,0.0,0,0,0,0,0,0.0,0.0,0.0,2026-27,0,0,0.0,0.0
6207,201142,Kevin Durant,HOU,0,0.0,0,0,0,0,0,0.0,0.0,0.0,2026-27,0,0,0.0,0.0
6208,1628989,Kevin Huerter,DET,0,0.0,0,0,0,0,0,0.0,0.0,0.0,2026-27,0,0,0.0,0.0
6209,201567,Kevin Love,UTA,0,0.0,0,0,0,0,0,0.0,0.0,0.0,2026-27,0,0,0.0,0.0
6210,1641755,Kevin McCullar Jr.,NYK,0,0.0,0,0,0,0,0,0.0,0.0,0.0,2026-27,0,0,0.0,0.0
6211,1629645,Kevin Porter Jr.,MIL,0,0.0,0,0,0,0,0,0.0,0.0,0.0,2026-27,0,0,0.0,0.0
6213,1641718,Keyonte George,UTA,0,0.0,0,0,0,0,0,0.0,0.0,0.0,2026-27,0,0,0.0,0.0
6214,1642863,Khaman Maluach,PHX,0,0.0,0,0,0,0,0,0.0,0.0,0.0,2026-27,0,0,0.0,0.0
6216,1630165,Killian Hayes,SAC,0,0.0,0,0,0,0,0,0.0,0.0,0.0,2026-27,0,0,0.0,0.0
6217,202691,Klay Thompson,DAL,0,0.0,0,0,0,0,0,0.0,0.0,0.0,2026-27,0,0,0.0,0.0
6218,1641738,Kobe Brown,IND,0,0.0,0,0,0,0,0,0.0,0.0,0.0,2026-27,0,0,0.0,0.0
6220,1642920,Kobe Sanders,LAC,0,0.0,0,0,0,0,0,0.0,0.0,0.0,2026-27,0,0,0.0,0.0
6222,1642851,Kon Knueppel,CHA,0,0.0,0,0,0,0,0,0.0,0.0,0.0,2026-27,0,0,0.0,0.0
6223,1627739,Kris Dunn,LAC,0,0.0,0,0,0,0,0,0.0,0.0,0.0,2026-27,0,0,0.0,0.0
6225,204001,Kristaps Porziņģis,GSW,0,0.0,0,0,0,0,0,0.0,0.0,0.0,2026-27,0,0,0.0,0.0
6227,1642271,Kyle Filipowski,UTA,0,0.0,0,0,0,0,0,0.0,0.0,0.0,2026-27,0,0,0.0,0.0
6228,1628398,Kyle Kuzma,MIL,0,0.0,0,0,0,0,0,0.0,0.0,0.0,2026-27,0,0,0.0,0.0
6230,1642273,Kyshawn George,WAS,0,0.0,0,0,0,0,0,0.0,0.0,0.0,2026-27,0,0,0.0,0.0
6233,1642950,Lachlan Olbrich,CHI,0,0.0,0,0,0,0,0,0.0,0.0,0.0,2026-27,0,0,0.0,0.0
6234,1629013,Landry Shamet,NYK,0,0.0,0,0,0,0,0,0.0,0.0,0.0,2026-27,0,0,0.0,0.0
6236,1628374,Lauri Markkanen,UTA,0,0.0,0,0,0,0,0,0.0,0.0,0.0,2026-27,0,0,0.0,0.0
6238,2544,LeBron James,LAL,0,0.0,0,0,0,0,0,0.0,0.0,0.0,2026-27,0,0,0.0,0.0
6240,1631159,Leonard Miller,CHI,0,0.0,0,0,0,0,0,0.0,0.0,0.0,2026-27,0,0,0.0,0.0
6241,1642862,Liam McNeeley,CHA,0,0.0,0,0,0,0,0,0.0,0.0,0.0,2026-27,0,0,0.0,0.0
6242,1630322,Lindy Waters III,SAS,0,0.0,0,0,0,0,0,0.0,0.0,0.0,2026-27,0,0,0.0,0.0
6243,1628366,Lonzo Ball,CLE,0,0.0,0,0,0,0,0,0.0,0.0,0.0,2026-27,0,0,0.0,0.0
6245,1629652,Luguentz Dort,OKC,0,0.0,0,0,0,0,0,0.0,0.0,0.0,2026-27,0,0,0.0,0.0
6246,1629029,Luka Dončić,LAL,0,0.0,0,0,0,0,0,0.0,0.0,0.0,2026-27,0,0,0.0,0.0
6247,1630568,Luka Garza,BOS,0,0.0,0,0,0,0,0,0.0,0.0,0.0,2026-27,0,0,0.0,0.0
6249,1628436,Luke Kornet,SAS,0,0.0,0,0,0,0,0,0.0,0.0,0.0,2026-27,0,0,0.0,0.0
6253,1631103,Malaki Branham,WAS,0,0.0,0,0,0,0,0,0.0,0.0,0.0,2026-27,0,0,0.0,0.0
6254,1642502,Malevy Leons,GSW,0,0.0,0,0,0,0,0,0.0,0.0,0.0,2026-27,0,0,0.0,0.0
6255,1628370,Malik Monk,SAC,0,0.0,0,0,0,0,0,0.0,0.0,0.0,2026-27,0,0,0.0,0.0
6260,1631109,Mark Williams,PHX,0,0.0,0,0,0,0,0,0.0,0.0,0.0,2026-27,0,0,0.0,0.0
6262,1628963,Marvin Bagley III,DAL,0,0.0,0,0,0,0,0,0.0,0.0,0.0,2026-27,0,0,0.0,0.0
6263,203486,Mason Plumlee,SAS,0,0.0,0,0,0,0,0,0.0,0.0,0.0,2026-27,0,0,0.0,0.0
6264,1641824,Matas Buzelis,CHI,0,0.0,0,0,0,0,0,0.0,0.0,0.0,2026-27,0,0,0.0,0.0
6266,1631108,Max Christie,DAL,0,0.0,0,0,0,0,0,0.0,0.0,0.0,2026-27,0,0,0.0,0.0
6269,1628467,Maxi Kleber,LAL,0,0.0,0,0,0,0,0,0.0,0.0,0.0,2026-27,0,0,0.0,0.0
6270,1642875,Maxime Raynaud,SAC,0,0.0,0,0,0,0,0,0.0,0.0,0.0,2026-27,0,0,0.0,0.0
6271,1642877,Micah Peavy,NOP,0,0.0,0,0,0,0,0,0.0,0.0,0.0,2026-27,0,0,0.0,0.0
6273,1629008,Michael Porter Jr.,BKN,0,0.0,0,0,0,0,0,0.0,0.0,0.0,2026-27,0,0,0.0,0.0
6274,1628969,Mikal Bridges,NYK,0,0.0,0,0,0,0,0,0.0,0.0,0.0,2026-27,0,0,0.0,0.0
6278,1630540,Miles McBride,NYK,0,0.0,0,0,0,0,0,0.0,0.0,0.0,2026-27,0,0,0.0,0.0
6281,1642885,Mohamed Diawara,NYK,0,0.0,0,0,0,0,0,0.0,0.0,0.0,2026-27,0,0,0.0,0.0
6283,1629021,Moritz Wagner,ORL,0,0.0,0,0,0,0,0,0.0,0.0,0.0,2026-27,0,0,0.0,0.0
6284,1630541,Moses Moody,GSW,0,0.0,0,0,0,0,0,0.0,0.0,0.0,2026-27,0,0,0.0,0.0
6288,1631217,Moussa Diabaté,CHA,0,0.0,0,0,0,0,0,0.0,0.0,0.0,2026-27,0,0,0.0,0.0
6289,1626167,Myles Turner,MIL,0,0.0,0,0,0,0,0,0.0,0.0,0.0,2026-27,0,0,0.0,0.0
6290,1642066,Myron Gardner,MIA,0,0.0,0,0,0,0,0,0.0,0.0,0.0,2026-27,0,0,0.0,0.0
6292,1641772,Nae'Qwan Tomlin,CLE,0,0.0,0,0,0,0,0,0.0,0.0,0.0,2026-27,0,0,0.0,0.0
6293,1630230,Naji Marshall,DAL,0,0.0,0,0,0,0,0,0.0,0.0,0.0,2026-27,0,0,0.0,0.0
6296,1629674,Neemias Queta,BOS,0,0.0,0,0,0,0,0,0.0,0.0,0.0,2026-27,0,0,0.0,0.0
6298,1630208,Nick Richards,CHI,0,0.0,0,0,0,0,0,0.0,0.0,0.0,2026-27,0,0,0.0,0.0
6299,1641733,Nick Smith Jr.,LAL,0,0.0,0,0,0,0,0,0.0,0.0,0.0,2026-27,0,0,0.0,0.0
6300,1629638,Nickeil Alexander-Walker,ATL,0,0.0,0,0,0,0,0,0.0,0.0,0.0,2026-27,0,0,0.0,0.0
6301,201587,Nicolas Batum,LAC,0,0.0,0,0,0,0,0,0.0,0.0,0.0,2026-27,0,0,0.0,0.0
6302,1628502,Nigel Hayes-Davis,PHX,0,0.0,0,0,0,0,0,0.0,0.0,0.0,2026-27,0,0,0.0,0.0
6303,203999,Nikola Jokić,DEN,0,0.0,0,0,0,0,0,0.0,0.0,0.0,2026-27,0,0,0.0,0.0
6304,1631107,Nikola Jović,MIA,0,0.0,0,0,0,0,0,0.0,0.0,0.0,2026-27,0,0,0.0,0.0
6307,1642363,Nique Clifford,SAC,0,0.0,0,0,0,0,0,0.0,0.0,0.0,2026-27,0,0,0.0,0.0
6309,1641730,Noah Clowney,BKN,0,0.0,0,0,0,0,0,0.0,0.0,0.0,2026-27,0,0,0.0,0.0
6310,1642869,Noah Penda,ORL,0,0.0,0,0,0,0,0,0.0,0.0,0.0,2026-27,0,0,0.0,0.0
6311,1642849,Nolan Traore,BKN,0,0.0,0,0,0,0,0,0.0,0.0,0.0,2026-27,0,0,0.0,0.0
6314,1628384,OG Anunoby,NYK,0,0.0,0,0,0,0,0,0.0,0.0,0.0,2026-27,0,0,0.0,0.0
6315,1630167,Obi Toppin,IND,0,0.0,0,0,0,0,0,0.0,0.0,0.0,2026-27,0,0,0.0,0.0
6316,1630534,Ochai Agbaji,BKN,0,0.0,0,0,0,0,0,0.0,0.0,0.0,2026-27,0,0,0.0,0.0
6318,1641765,Olivier-Maxence Prosper,MEM,0,0.0,0,0,0,0,0,0.0,0.0,0.0,2026-27,0,0,0.0,0.0
6320,1630168,Onyeka Okongwu,ATL,0,0.0,0,0,0,0,0,0.0,0.0,0.0,2026-27,0,0,0.0,0.0
6322,1631131,Oscar Tshiebwe,UTA,0,0.0,0,0,0,0,0,0.0,0.0,0.0,2026-27,0,0,0.0,0.0
6323,1642345,Oso Ighodaro,PHX,0,0.0,0,0,0,0,0,0.0,0.0,0.0,2026-27,0,0,0.0,0.0
6324,1631172,Ousmane Dieng,MIL,0,0.0,0,0,0,0,0,0.0,0.0,0.0,2026-27,0,0,0.0,0.0
6325,1629023,P.J. Washington,DAL,0,0.0,0,0,0,0,0,0.0,0.0,0.0,2026-27,0,0,0.0,0.0
6327,1642359,Pacôme Dadiet,NYK,0,0.0,0,0,0,0,0,0.0,0.0,0.0,2026-27,0,0,0.0,0.0
6328,1631094,Paolo Banchero,ORL,0,0.0,0,0,0,0,0,0.0,0.0,0.0,2026-27,0,0,0.0,0.0
6329,1627783,Pascal Siakam,IND,0,0.0,0,0,0,0,0,0.0,0.0,0.0,2026-27,0,0,0.0,0.0
6330,1626192,Pat Connaughton,CHA,0,0.0,0,0,0,0,0,0.0,0.0,0.0,2026-27,0,0,0.0,0.0
6331,1630311,Pat Spencer,GSW,0,0.0,0,0,0,0,0,0.0,0.0,0.0,2026-27,0,0,0.0,0.0
6333,1630172,Patrick Williams,CHI,0,0.0,0,0,0,0,0,0.0,0.0,0.0,2026-27,0,0,0.0,0.0
6335,1630194,Paul Reed,DET,0,0.0,0,0,0,0,0,0.0,0.0,0.0,2026-27,0,0,0.0,0.0
6336,1630202,Payton Pritchard,BOS,0,0.0,0,0,0,0,0,0.0,0.0,0.0,2026-27,0,0,0.0,0.0
6338,1641796,Pelle Larsson,MIA,0,0.0,0,0,0,0,0,0.0,0.0,0.0,2026-27,0,0,0.0,0.0
6339,1631250,Pete Nance,MIL,0,0.0,0,0,0,0,0,0.0,0.0,0.0,2026-27,0,0,0.0,0.0
6340,1631212,Peyton Watson,DEN,0,0.0,0,0,0,0,0,0.0,0.0,0.0,2026-27,0,0,0.0,0.0
6341,1630173,Precious Achiuwa,SAC,0,0.0,0,0,0,0,0,0.0,0.0,0.0,2026-27,0,0,0.0,0.0
6343,1631245,Quenton Jackson,IND,0,0.0,0,0,0,0,0,0.0,0.0,0.0,2026-27,0,0,0.0,0.0
6345,1629628,RJ Barrett,TOR,0,0.0,0,0,0,0,0,0.0,0.0,0.0,2026-27,0,0,0.0,0.0
6346,1642853,Rasheer Fleming,PHX,0,0.0,0,0,0,0,0,0.0,0.0,0.0,2026-27,0,0,0.0,0.0
6349,1642263,Reed Sheppard,HOU,0,0.0,0,0,0,0,0,0.0,0.0,0.0,2026-27,0,0,0.0,0.0
6351,1642265,Rob Dillingham,CHI,0,0.0,0,0,0,0,0,0.0,0.0,0.0,2026-27,0,0,0.0,0.0
6352,1629057,Robert Williams III,POR,0,0.0,0,0,0,0,0,0.0,0.0,0.0,2026-27,0,0,0.0,0.0
6354,1631199,Ron Harper Jr.,BOS,0,0.0,0,0,0,0,0,0.0,0.0,0.0,2026-27,0,0,0.0,0.0
6355,1641842,Ronald Holland II,DET,0,0.0,0,0,0,0,0,0.0,0.0,0.0,2026-27,0,0,0.0,0.0
6356,1626220,Royce O'Neale,PHX,0,0.0,0,0,0,0,0,0.0,0.0,0.0,2026-27,0,0,0.0,0.0
6357,203497,Rudy Gobert,MIN,0,0.0,0,0,0,0,0,0.0,0.0,0.0,2026-27,0,0,0.0,0.0
6359,201566,Russell Westbrook,SAC,0,0.0,0,0,0,0,0,0.0,0.0,0.0,2026-27,0,0,0.0,0.0
6360,1642346,Ryan Dunn,PHX,0,0.0,0,0,0,0,0,0.0,0.0,0.0,2026-27,0,0,0.0,0.0
6361,1641750,Ryan Kalkbrenner,CHA,0,0.0,0,0,0,0,0,0.0,0.0,0.0,2026-27,0,0,0.0,0.0
6363,1631157,Ryan Rollins,MIL,0,0.0,0,0,0,0,0,0.0,0.0,0.0,2026-27,0,0,0.0,0.0
6364,1630180,Saddiq Bey,NOP,0,0.0,0,0,0,0,0,0.0,0.0,0.0,2026-27,0,0,0.0,0.0
6365,1630573,Sam Hauser,BOS,0,0.0,0,0,0,0,0,0.0,0.0,0.0,2026-27,0,0,0.0,0.0
6366,1630241,Sam Merrill,CLE,0,0.0,0,0,0,0,0,0.0,0.0,0.0,2026-27,0,0,0.0,0.0
6369,1630703,Scoot Henderson,POR,0,0.0,0,0,0,0,0,0.0,0.0,0.0,2026-27,0,0,0.0,0.0
6370,1630567,Scottie Barnes,TOR,0,0.0,0,0,0,0,0,0.0,0.0,0.0,2026-27,0,0,0.0,0.0
6374,1631101,Shaedon Sharpe,POR,0,0.0,0,0,0,0,0,0.0,0.0,0.0,2026-27,0,0,0.0,0.0
6375,1628983,Shai Gilgeous-Alexander,OKC,0,0.0,0,0,0,0,0,0.0,0.0,0.0,2026-27,0,0,0.0,0.0
6376,1630536,Sharife Cooper,WAS,0,0.0,0,0,0,0,0,0.0,0.0,0.0,2026-27,0,0,0.0,0.0
6377,1631321,Sidy Cissoko,POR,0,0.0,0,0,0,0,0,0.0,0.0,0.0,2026-27,0,0,0.0,0.0
6378,1631323,Simone Fontecchio,MIA,0,0.0,0,0,0,0,0,0.0,0.0,0.0,2026-27,0,0,0.0,0.0
6379,1642883,Sion James,CHA,0,0.0,0,0,0,0,0,0.0,0.0,0.0,2026-27,0,0,0.0,0.0
6381,1642461,Spencer Jones,DEN,0,0.0,0,0,0,0,0,0.0,0.0,0.0,2026-27,0,0,0.0,0.0
6383,201939,Stephen Curry,GSW,0,0.0,0,0,0,0,0,0.0,0.0,0.0,2026-27,0,0,0.0,0.0
6384,1642264,Stephon Castle,SAS,0,0.0,0,0,0,0,0,0.0,0.0,0.0,2026-27,0,0,0.0,0.0
6385,203500,Steven Adams,HOU,0,0.0,0,0,0,0,0,0.0,0.0,0.0,2026-27,0,0,0.0,0.0
6386,1629004,Svi Mykhailiuk,UTA,0,0.0,0,0,0,0,0,0.0,0.0,0.0,2026-27,0,0,0.0,0.0
6387,204456,T.J. McConnell,IND,0,0.0,0,0,0,0,0,0.0,0.0,0.0,2026-27,0,0,0.0,0.0
6388,1643007,Taelon Peter,IND,0,0.0,0,0,0,0,0,0.0,0.0,0.0,2026-27,0,0,0.0,0.0
6390,1631106,Tari Eason,HOU,0,0.0,0,0,0,0,0,0.0,0.0,0.0,2026-27,0,0,0.0,0.0
6392,1641707,Taylor Hendricks,MEM,0,0.0,0,0,0,0,0,0.0,0.0,0.0,2026-27,0,0,0.0,0.0
6393,1629611,Terance Mann,BKN,0,0.0,0,0,0,0,0,0.0,0.0,0.0,2026-27,0,0,0.0,0.0
6394,1630545,Terrence Shannon Jr.,MIN,0,0.0,0,0,0,0,0,0.0,0.0,0.0,2026-27,0,0,0.0,0.0
6395,203648,Thanasis Antetokounmpo,MIL,0,0.0,0,0,0,0,0,0.0,0.0,0.0,2026-27,0,0,0.0,0.0
6396,1628418,Thomas Bryant,CLE,0,0.0,0,0,0,0,0,0.0,0.0,0.0,2026-27,0,0,0.0,0.0
6397,1642275,Tidjane Salaün,CHA,0,0.0,0,0,0,0,0,0.0,0.0,0.0,2026-27,0,0,0.0,0.0
6402,1628396,Tony Bradley,ATL,0,0.0,0,0,0,0,0,0.0,0.0,0.0,2026-27,0,0,0.0,0.0
6404,1641739,Toumani Camara,POR,0,0.0,0,0,0,0,0,0.0,0.0,0.0,2026-27,0,0,0.0,0.0
6405,1631218,Trayce Jackson-Davis,TOR,0,0.0,0,0,0,0,0,0.0,0.0,0.0,2026-27,0,0,0.0,0.0
6406,1642848,Tre Johnson,WAS,0,0.0,0,0,0,0,0,0.0,0.0,0.0,2026-27,0,0,0.0,0.0
6407,1630200,Tre Jones,CHI,0,0.0,0,0,0,0,0,0.0,0.0,0.0,2026-27,0,0,0.0,0.0
6408,1630544,Tre Mann,CHA,0,0.0,0,0,0,0,0,0.0,0.0,0.0,2026-27,0,0,0.0,0.0
6409,1630570,Trendon Watford,PHI,0,0.0,0,0,0,0,0,0.0,0.0,0.0,2026-27,0,0,0.0,0.0
6415,1630530,Trey Murphy III,NOP,0,0.0,0,0,0,0,0,0.0,0.0,0.0,2026-27,0,0,0.0,0.0
6417,1641774,Tristan Vukcevic,WAS,0,0.0,0,0,0,0,0,0.0,0.0,0.0,2026-27,0,0,0.0,0.0
6418,1641783,Tristan da Silva,ORL,0,0.0,0,0,0,0,0,0.0,0.0,0.0,2026-27,0,0,0.0,0.0
6424,1642278,Tyler Kolek,NYK,0,0.0,0,0,0,0,0,0.0,0.0,0.0,2026-27,0,0,0.0,0.0
6426,1631213,Tyrese Martin,PHI,0,0.0,0,0,0,0,0,0.0,0.0,0.0,2026-27,0,0,0.0,0.0
6427,1630178,Tyrese Maxey,PHI,0,0.0,0,0,0,0,0,0.0,0.0,0.0,2026-27,0,0,0.0,0.0
6428,1642878,Tyrese Proctor,CLE,0,0.0,0,0,0,0,0,0.0,0.0,0.0,2026-27,0,0,0.0,0.0
6429,1630623,Tyson Etienne,BKN,0,0.0,0,0,0,0,0,0.0,0.0,0.0,2026-27,0,0,0.0,0.0
6430,1626145,Tyus Jones,DEN,0,0.0,0,0,0,0,0,0.0,0.0,0.0,2026-27,0,0,0.0,0.0
6431,1642845,VJ Edgecombe,PHI,0,0.0,0,0,0,0,0,0.0,0.0,0.0,2026-27,0,0,0.0,0.0
6432,1641705,Victor Wembanyama,SAS,0,0.0,0,0,0,0,0,0.0,0.0,0.0,2026-27,0,0,0.0,0.0
6433,1631246,Vince Williams Jr.,UTA,0,0.0,0,0,0,0,0,0.0,0.0,0.0,2026-27,0,0,0.0,0.0
6435,1630249,Vít Krejčí,POR,0,0.0,0,0,0,0,0,0.0,0.0,0.0,2026-27,0,0,0.0,0.0
6436,1642383,Walter Clayton Jr.,MEM,0,0.0,0,0,0,0,0,0.0,0.0,0.0,2026-27,0,0,0.0,0.0
6437,1628976,Wendell Carter Jr.,ORL,0,0.0,0,0,0,0,0,0.0,0.0,0.0,2026-27,0,0,0.0,0.0
6439,1642954,Will Richard,GSW,0,0.0,0,0,0,0,0,0.0,0.0,0.0,2026-27,0,0,0.0,0.0
6440,1642860,Will Riley,WAS,0,0.0,0,0,0,0,0,0.0,0.0,0.0,2026-27,0,0,0.0,0.0
6441,1630214,Xavier Tillman,CHA,0,0.0,0,0,0,0,0,0.0,0.0,0.0,2026-27,0,0,0.0,0.0
6442,1642905,Yang Hansen,POR,0,0.0,0,0,0,0,0,0.0,0.0,0.0,2026-27,0,0,0.0,0.0
6443,1642949,Yanic Konan Niederhäuser,LAC,0,0.0,0,0,0,0,0,0.0,0.0,0.0,2026-27,0,0,0.0,0.0
6445,1642274,Yves Missi,NOP,0,0.0,0,0,0,0,0,0.0,0.0,0.0,2026-27,0,0,0.0,0.0
6448,203897,Zach LaVine,SAC,0,0.0,0,0,0,0,0,0.0,0.0,0.0,2026-27,0,0,0.0,0.0
6449,1630192,Zeke Nnaji,DEN,0,0.0,0,0,0,0,0,0.0,0.0,0.0,2026-27,0,0,0.0,0.0
6451,1629627,Zion Williamson,NOP,0,0.0,0,0,0,0,0,0.0,0.0,0.0,2026-27,0,0,0.0,0.0
6453,1628369,Jayson Tatum,BOS,0,0.0,0,0,0,0,0,0.0,0.0,0.0,2026-27,0,0,0.0,0.0
6454,203081,Damian Lillard,MIL,0,0.0,0,0,0,0,0,0.0,0.0,0.0,2026-27,0,0,0.0,0.0
6455,202681,Kyrie Irving,DAL,0,0.0,0,0,0,0,0,0.0,0.0,0.0,2026-27,0,0,0.0,0.0
6456,1630169,Tyrese Haliburton,IND,0,0.0,0,0,0,0,0,0.0,0.0,0.0,2026-27,0,0,0.0,0.0
6457,1627832,Fred VanVleet,HOU,0,0.0,0,0,0,0,0,0.0,0.0,0.0,2026-27,0,0,0.0,0.0
6459,1627734,Domantas Sabonis,SAC,0,0.0,0,0,0,0,0,0.0,0.0,0.0,2026-27,0,0,0.0,0.0
6460,1627749,Dejounte Murray,NOP,0,0.0,0,0,0,0,0,0.0,0.0,0.0,2026-27,0,0,0.0,0.0
6461,1631110,Jeremy Sochan,NYK,0,0.0,0,0,0,0,0,0.0,0.0,0.0,2026-27,0,0,0.0,0.0
6462,1641744,Zach Edey,MEM,0,0.0,0,0,0,0,0,0.0,0.0,0.0,2026-27,0,0,0.0,0.0
6463,1629027,Trae Young,WAS,0,0.0,0,0,0,0,0,0.0,0.0,0.0,2026-27,0,0,0.0,0.0
